sn,name,links,img
1,0454-c-hackers-guide.pdf,https://mega.nz/file/w2gBmSCB#Tb4Ft9ubMdBDSK2TfXayk7HHlEVOegaeYa0z9vzGLHQ,0454-c-hackers-guide.jpg
2,A Practical Guide to Networking and Security in iOS 8.pdf,https://mega.nz/file/Rnp3FAwI#48fVKJ-94xUh6RXhkuiyjhKxLmKcjdL-_BheXz7BgCA,A Practical Guide to Networking and Security in iOS 8.jpg
3,A Practical Guide to TPM 2.0.pdf,https://mega.nz/file/Y2xzWAZA#2651DE85y45T8ScwpXbrD1DO32ePopJ8z2kxxDXqKCw,A Practical Guide to TPM 2.0.jpg
4,Accumulo.pdf,https://mega.nz/file/8u5l0I4A#JvYg3T1GeZd2XCRVVIdoIXyJ8Uz7cVAnVAXzhUfdOao,Accumulo.jpg
5,Advanced API Security.pdf,https://mega.nz/file/gixRHapI#a1ZPPZmk94WJOe8g3AgbqKyDj2iwcq3qlspEINmKdCc,Advanced API Security.jpg
6,Advanced Penetration Testing - Hacking the World_s Most Secure Networks.pdf,https://mega.nz/file/h64DXKIZ#A7dRS2phtKL7TaiiV6i483ihdgQmD8A8AA4CjP-s0Qc,Advanced Penetration Testing - Hacking the World_s Most Secure Networks.jpg
7,Advanced Penetration Testing for Highly-Secured Environments.pdf,https://mega.nz/file/lzwVEAyL#a76Uzx3gl_Cmq3skpDdWsxrUFVoF_3LzsigPtspVECE,Advanced Penetration Testing for Highly-Secured Environments.jpg
8,Android Hacker-s Handbook.pdf,https://mega.nz/file/w6gxWa5D#Crt57LncDu5iItAgfOGOHD6LyzXseXu_-DY1f69hPKY,Android Hacker-s Handbook.jpg
9,Android Security Internals.pdf,https://mega.nz/file/Bq5xmaCJ#7N7mPYiYsdWH0n3uiqNOsQ1RHTDgfTpvQq7khuQNzCQ,Android Security Internals.jpg
10,Android Security- Attacks and Defenses.pdf,https://mega.nz/file/06xBCYKB#W2bLqfhxoZnwy03rVGQDn1Gdc7egsHrGR3_ZtonFxH0,Android Security- Attacks and Defenses.jpg
11,"Anti-Hacker Tool Kit, 4th Edition.pdf",https://mega.nz/file/JqxRCYzA#-WxIWcZpkkNcq-PqH_y9Li6PXk4BcCS3001hGXtjp5E,"Anti-Hacker Tool Kit, 4th Edition.jpg"
12,"Applied Cryptography, 2nd Edition.pdf",https://mega.nz/file/YjpXnIgK#bqlNMrkiF5MSHOeaMAvnVpf7bPdLPvYVI56N8HeLcJ0,"Applied Cryptography, 2nd Edition.jpg"
13,BackTrack 4 Assuring Security by Penetration Testing.pdf,https://mega.nz/file/ZuhjAKZK#Vy1XMTH_VJnM7WsStpSfxVs3WR_usVUJSeAwbaNJu_0,BackTrack 4 Assuring Security by Penetration Testing.jpg
14,BackTrack 5 Cookbook.pdf,https://mega.nz/file/Ni4lnK7Z#eAsCiL1dCaQZPqDMnrcvaRUC5DMjISpJPs74Hf8iIVc,BackTrack 5 Cookbook.jpg
15,BeagleBone for Secret Agents.pdf,https://mega.nz/file/0mo1ka4K#6tBgIzuTme0nDZmyj8LIRZiIqOxIhqGieDrPUCMwGKw,BeagleBone for Secret Agents.jpg
16,Beautiful Security.pdf,https://mega.nz/file/N64RkIBI#V02gNIs2SNv3ZR98PdZZmCmWryuUgfQU-DzsseH7azI,Beautiful Security.jpg
17,Big Data Forensics - Learning Hadoop Investigations.pdf,https://mega.nz/file/ZzoHyC5R#qA-60KHj3jzZl-gGEe8W_yQTYN-NtCIutBGY2YOzh38,Big Data Forensics - Learning Hadoop Investigations.jpg
18,Bitcoin Essentials.pdf,https://mega.nz/file/xyxjAaKI#a_NKXpgWxWTILnFJwHN2_TmLgreAE8wyLT0LTj-vmVg,Bitcoin Essentials.jpg
19,Bitcoin for the Befuddled.pdf,https://mega.nz/file/Jj4HiQbL#IYzTkInGlsN6LLRNHBacOY-BUR-dnKjsaLhsy2E6HZA,Bitcoin for the Befuddled.jpg
20,black hat python.pdf,https://mega.nz/file/0nozRQjS#inKVL1Wp0D3mxHiiRcUCqjLH6tgYOeFTpXrrRp2UmNI,black hat python.jpg
21,Building a Comprehensive IT Security Program.pdf,https://mega.nz/file/smxFnIja#Yj1-kueZjy1bvJwRw1XOPmSvdiTJNQHX93ZM8PqLUDs,Building a Comprehensive IT Security Program.jpg
22,Building Virtual Pentesting Labs for Advanced Penetration Testing.pdf,https://mega.nz/file/4vgBBaLQ#2Q7ZtmPPsYxGPIctVQ6XHM9o9-6JlMyZ8tgaPA5y5lA,Building Virtual Pentesting Labs for Advanced Penetration Testing.jpg
23,C++ Reverse Engineering.pdf,https://mega.nz/file/si5VzKID#ei-hYhkyF10PAfuqmOcebTswdJobrC0Vov-Dzv1pCvc,C++ Reverse Engineering.jpg
24,Cloud Security and Privacy.pdf,https://mega.nz/file/gmpzGAxT#fgIbRm4NM0Zv0_wbmeNKdhsvr9Zycb2mG9A0hvLG2Jc,Cloud Security and Privacy.jpg
25,"Computer Forensics JumpStart, 2nd Edition.pdf",https://mega.nz/file/174xDS4D#wFKuBJU5GxMAswIdJp3QMDe-XbVqjRQ5d3T3Q8kLpkk,"Computer Forensics JumpStart, 2nd Edition.jpg"
26,Computer Forensics with FTK.pdf,https://mega.nz/file/Z2h1CKbY#4rETfl8YCR9k3ENPjGxWRPNjswoSsuqzsgHUGzKGPzw,Computer Forensics with FTK.jpg
27,Computer Security - ESORICS 2013.pdf,https://mega.nz/file/QmhVQSJK#b_0lhBfA_VSWdMWZzhFkHXkIqCX1RKIhsqtoVMf9KsQ,Computer Security - ESORICS 2013.jpg
28,"Computer Security Handbook, 6th Edition.pdf",https://mega.nz/file/hyolXYpQ#Cl-UtyN-5mPKq1Mby3lsYuhVATNPcXKRj7YLpdv5PEk,"Computer Security Handbook, 6th Edition.jpg"
29,Computer Viruses For Dummies.pdf,https://mega.nz/file/gu43AKAR#604zOXk7UJpppQASyOD6op-YTk_tL_IWuFaMPmyWkrk,Computer Viruses For Dummies.jpg
30,Crackproof Your Software.pdf,https://mega.nz/file/A2wVxACT#bGVw_5XFwK-7ZsAdcCZXHzZvlirsDkWX-fYS-093Wnc,Crackproof Your Software.jpg
31,"Cryptography and Network Security, 6th Edition.pdf",https://mega.nz/file/82pTUCzD#gdqikr-cljpPFg4QmkbdYa5ywrlUWA_w8QKzkQ-pG6w,"Cryptography and Network Security, 6th Edition.jpg"
32,Cuckoo Malware Analysis.pdf,https://mega.nz/file/NqgXhCyB#_ywuzgKonW6_h7Fp1-wvBX_VPAbY8m9ptJscDqXG178,Cuckoo Malware Analysis.jpg
33,Cyber Security Policy Guidebook.pdf,https://mega.nz/file/djohnQha#zI6f1ibN6JdKNbSp5vZ7XDZXe3mDn__ysZXPC4bpUa4,Cyber Security Policy Guidebook.jpg
34,"Cyber Security- Analytics, Technology and Automation.pdf",https://mega.nz/file/kzp1QS6B#N35pSGPJKpuyMCFfmXKLh2TpzA3km1hvgb4YJYHNDII,"Cyber Security- Analytics, Technology and Automation.jpg"
35,Cyber Threat!.pdf,https://mega.nz/file/QroBwQwJ#o2Dx9Bk21i4C3WzBpaJyQgF93otvSY7ZIKgoj1HRI2E,Cyber Threat!.jpg
36,Cybersecurity for Executives.pdf,https://mega.nz/file/IihXSIyQ#27hmcAZ8-Q7liiab-b7FHLdkMSWKGrE3MSmqViqp8sA,Cybersecurity for Executives.jpg
37,Cybersecurity for Hospitals and Healthcare Facilities.pdf,https://mega.nz/file/crwRVY7C#KGZo6dLLowKerq9phqv_13QP3UEDtUpDPMAF-kUg9QU,Cybersecurity for Hospitals and Healthcare Facilities.jpg
38,Cyberspace and Cybersecurity.pdf,https://mega.nz/file/tywz0ALR#vN4lQEGT31GAP005EoDUDR9e6QCA30fvl6J78rPG1kE,Cyberspace and Cybersecurity.jpg
39,CybraryAdvancedPenSlides.pdf,https://mega.nz/file/FyhzVA6Z#aPgxx8D6VeF3YuLlusrqCgvQKkL6H2Og4g7O2vaOPN4,CybraryAdvancedPenSlides.jpg
40,Data Analysis For Network Cyber-Security.pdf,https://mega.nz/file/Z34TjabA#e1ZyN9EqwW87d95QTBICD22_xPdN8Itx_xU4ZtX2TOk,Data Analysis For Network Cyber-Security.jpg
41,Data-Driven Security.pdf,https://mega.nz/file/cqwnGASa#QhMPGvpLl5UXEhQEQiE6c1w0lqpWjX0jhwVlwlRRfLE,Data-Driven Security.jpg
42,Database Anonymization.pdf,https://mega.nz/file/RjgVxQBD#0DFGtPB6wI9x0obclXp8kH2p78lNfOnTlO2TJwDUjpY,Database Anonymization.jpg
43,Database Nation.pdf,https://mega.nz/file/dq5nCaiA#bV7hOma4JbrHOtg9CumoZVTcbbku20cAEtLMzbzsIus,Database Nation.jpg
44,Defensive Security Handbook - Best Practices For Securing Infrastructures.pdf,https://mega.nz/file/864FiIpR#fWMWKfz6fsIZDjZJTVs5FnNLcdN_8e6UmnjuMljP67c,Defensive Security Handbook - Best Practices For Securing Infrastructures.jpg
45,Disassembling Code IDA Pro and SoftICE.pdf,https://mega.nz/file/dvoniA7Y#wACrUqxbYI0YwqUJLI1bkRUMhKO4QXdeG_6WhuDDcMY,Disassembling Code IDA Pro and SoftICE.jpg
46,"Distributed Networks- Intelligence, Security, and Applications.pdf",https://mega.nz/file/UrpBWAIb#0OZpDq_fWlvmlJVWi_R1putVq_1QMkRJdixSqfFfI3U,"Distributed Networks- Intelligence, Security, and Applications.jpg"
47,Engineering Secure Software and Systems.pdf,https://mega.nz/file/RqghUYDZ#WJyJyoZIOXpz7EBqw36dHyhi2BkXaUlML_yV_YQMWVg,Engineering Secure Software and Systems.jpg
48,Enterprise Cybersecurity.pdf,https://mega.nz/file/cm4hFQ6L#lslv7bFoYLCP5THkZlgnyVeRkGgxK9wuz9KemPDBi3s,Enterprise Cybersecurity.jpg
49,"Enterprise Mac Security Mac OS X Snow Leopard, 2nd Edition.pdf",https://mega.nz/file/wqoRXYiA#Gvv1DqqSvhtjURBnxJPBqIJ4hqjDfj7ciMQq1yta9kQ,"Enterprise Mac Security Mac OS X Snow Leopard, 2nd Edition.jpg"
50,Essential Cybersecurity Science.pdf,https://mega.nz/file/FywlWYBA#WKW_uvOXekuuNBHvBrCzmZ2HSBiKh-g8gHSCJzihOIc,Essential Cybersecurity Science.jpg
51,Ethical Hacking and Penetration Testing Guide.pdf,https://mega.nz/file/lih3mQoJ#kKb1lqcTniEHN3a2vTrAsjQ_FovedX9IbJJ7LDVFuF0,Ethical Hacking and Penetration Testing Guide.jpg
52,Fragile networks.pdf,https://mega.nz/file/cyw3jQ7J#CXr0G8crQwiYF3SUTMOHEa4wojzLhEW5lObc1GT3RTg,Fragile networks.jpg
53,From Hacking to Report Writing.pdf,https://mega.nz/file/B3w1CYbQ#UlETk6uwuOaSnM0_AdbOAxIpFXcfM6UlB9vbxIn_zNQ,From Hacking to Report Writing.jpg
54,GlassFish Security.pdf,https://mega.nz/file/YuolGQaS#AWqqZiHpzQXr_L_GRT8L0d65YmD6ayJOph9_gOf_x70,GlassFish Security.jpg
55,"Gray Hat Hacking, 3rd Edition.pdf",https://mega.nz/file/Fnhl0SLL#23l864daDYeMpmt0vpuXTYt61EgDrReym-GpI7OvzH0,"Gray Hat Hacking, 3rd Edition.jpg"
56,Hackers.pdf,https://mega.nz/file/U6xhhIyB#ISPm1dhPcz7-C11Q_DBNPprZE57e5KTNMU_U0xx4aD4,Hackers.jpg
57,Hacking - The Art of Explotation.pdf,https://mega.nz/file/13pHwaKY#EKGbrP1dmHEfUv7gLXLbWUd1FBUsDxGq3-W_oSsDndE,Hacking - The Art of Explotation.jpg
58,"Hacking Basic Security, Penetration Testing and How to Hack.pdf",https://mega.nz/file/87gXnSLB#PjgEpkLJxWMPx2-kdhZFbOOz69SofcJnUbVOttDcJiE,"Hacking Basic Security, Penetration Testing and How to Hack.jpg"
59,"Hacking Exposed Computer Forensics, 2nd Edition.pdf",https://mega.nz/file/hmol0QrA#NrLVUM774XYGX2yGXiFWh0CeqfOvS0IsI6Tz11S9mp8,"Hacking Exposed Computer Forensics, 2nd Edition.jpg"
60,"Hacking Exposed Linux, 3rd Edition.pdf",https://mega.nz/file/d6pFwAwI#Lu1jyZ7cD0sJrWOtURXl9Q-UnNoUYoejZhOPtD3KefU,"Hacking Exposed Linux, 3rd Edition.jpg"
61,Hacking Exposed Malware and Rootkits.pdf,https://mega.nz/file/UmgVnaaR#hiszx_DiVnaFeKx0SWQTUTXxqSFWbpMOprd-b98IgMo,Hacking Exposed Malware and Rootkits.jpg
62,Hacking Exposed Mobile.pdf,https://mega.nz/file/VrwH2CwI#n8Z4UwXQtP_d6Tf4EqzWgGsHD-gNhDgpipjFurhgwyM,Hacking Exposed Mobile.jpg
63,Hacking Exposed Web 2.0.pdf,https://mega.nz/file/Fq4RmSRA#J0ZBNnbeeKV0tM0mmWsWbwT6tJGJ8sTgXp5cW4I0PAc,Hacking Exposed Web 2.0.jpg
64,"Hacking Exposed Web Applications, 3rd Edition.pdf",https://mega.nz/file/Zm5zmABR#OtXEooXQst9bfKLwpkXTd4Yd2STni3jMl2Nemp0yoA8,"Hacking Exposed Web Applications, 3rd Edition.jpg"
65,"Hacking Exposed Windows, 3rd Edition.pdf",https://mega.nz/file/F2xVQK6K#nRdooyvjPAaYinCT6_yB3YfVNUlCmCrwI5RXMWw3f2A,"Hacking Exposed Windows, 3rd Edition.jpg"
66,"Hacking Exposed Wireless, 2nd Edition.pdf",https://mega.nz/file/4ywzQQ5S#Llzb1sGT7sPkLvm_ko0QtPpQPadeO-sZaYkab847_64,"Hacking Exposed Wireless, 2nd Edition.jpg"
67,"Hacking Exposed, 6th Edition.pdf",https://mega.nz/file/0rpB2I7L#UenTjfddL2-k9cQ8TNuXzkZF_7lHsWhwExufGDH9xRQ,"Hacking Exposed, 6th Edition.jpg"
68,"Hacking For Dummies, 4th Edition.pdf",https://mega.nz/file/1u4TGKiL#Dy1w6qpuXeNbI49eV5_TbsYVgVn_T6lTxJamCXb_D10,"Hacking For Dummies, 4th Edition.jpg"
69,"Hacking For Dummies, 5th Edition.pdf",https://mega.nz/file/8nhRQK5b#2HTmSBGAWkOpE5NrtlKWgi95V-Hyk5qJQLWjp5t17w4,"Hacking For Dummies, 5th Edition.jpg"
70,Hacking Point of Sale.pdf,https://mega.nz/file/YmxFjATa#8OGHWxtXMJ1mM3Xp3dNjzxyG2pdGBoHC9cX7VfdZoak,Hacking Point of Sale.jpg
71,Hacking Vim 7.2.pdf,https://mega.nz/file/A2pjgSYL#r0qvbimPtt9nuOUvf-Kdx-GrGlQqJVz4-eqtBnF4BdI,Hacking Vim 7.2.jpg
72,Hacking VoIP.pdf,https://mega.nz/file/s7xHlIKR#vWaldzYoLv9O1g5LSWZZzu9VvhhTeIAObYXcgPanLGY,Hacking VoIP.jpg
73,Hardware IP Security and Trust.pdf,https://mega.nz/file/0yxljayT#jpVxn5mzE3-TP0C1N06C7Badl8tY2wS6ZpYUqCjGDWA,Hardware IP Security and Trust.jpg
74,IBM WebSphere Application Server v7.0 Security.pdf,https://mega.nz/file/RjxlxIwR#oYRy99CDhuWQohf4X0nz7MD9B_imT9ykRDtgKJbkNNk,IBM WebSphere Application Server v7.0 Security.jpg
75,Immune Web.pdf,https://mega.nz/file/Irg3mKJQ#FxMuKJn9F0GwuFdcrde2tFboHWZxU2CYiznHGZoiYJc,Immune Web.jpg
76,"Information Security The Complete Reference, 2nd Edition.pdf",https://mega.nz/file/tuhVCYBJ#r4-tb9qtZwgqRz8oX6c9Qo-6Dc97tAVeFoONg2XOap8,"Information Security The Complete Reference, 2nd Edition.jpg"
77,"Information Security, 2nd Edition.pdf",https://mega.nz/file/kixREASK#DBWcgkeZTdX-Su6iSACej6-Qk89vGM9nzK53t8NyzZU,"Information Security, 2nd Edition.jpg"
78,"Inside Cyber Warfare, 2nd Edition.pdf",https://mega.nz/file/s7oFgaTT#OYAakexYYolgs-dl7EIRwEjjOiDoH7-ngJWuzmIV-es,"Inside Cyber Warfare, 2nd Edition.jpg"
79,Instant Kali Linux.pdf,https://mega.nz/file/Ar532KQD#Z49rdLvshXNGmakoUC3gQwa17MfScy5I5idpf5Hms_I,Instant Kali Linux.jpg
80,Instant Penetration Testing.pdf,https://mega.nz/file/k6pDGSiQ#JKpgL5ujBOM1SSw6AkmNFp5QJe1OGz1ZdZHuOBsmrAc,Instant Penetration Testing.jpg
81,Intermediate Security Testing with Kali Linux 2.pdf,https://mega.nz/file/wq53yQYJ#rQiUT8zPWD_otaLFThzlmIkyzeQaZ5rRyT7dLsBMJ6E,Intermediate Security Testing with Kali Linux 2.jpg
82,iOS Application Security.pdf,https://mega.nz/file/0yhxnIhL#I5gh1dKoHjpSYngE9Q9fMN2_bVC7bpSi__QIfJwusck,iOS Application Security.jpg
83,Kali Linux CTF Blueprints.pdf,https://mega.nz/file/w3oFQK7C#6ijgMX6jr8Y-OHL5qdYHiOHOL6994Hrsw6iSTTm2ZwM,Kali Linux CTF Blueprints.jpg
84,Kali Linux Network Scanning Cookbook.pdf,https://mega.nz/file/pygTiAiR#PQXOveK5ZMR8LoFda4DUPsKfpIovzOzNnxYsgfv3tSA,Kali Linux Network Scanning Cookbook.jpg
85,Kali Linux Revealed - Mastering the Penetration Testing Distribution.pdf,https://mega.nz/file/pjgF1KLY#GtOHENMQbHQMPURAvb5wyP2BGGBFfzCMBaB4zjO4nnI,Kali Linux Revealed - Mastering the Penetration Testing Distribution.jpg
86,Learning Metasploit Exploitation and Development.pdf,https://mega.nz/file/BywDFK4R#IczQnnC5xQXxUwTgjTcaReGZkXxR2cfuuXKo1YjlJGw,Learning Metasploit Exploitation and Development.jpg
87,Learning Nessus for Penetration Testing.pdf,https://mega.nz/file/UmgziQpT#K9XNClI60FpvKgd8MJ7Zdbq9mfhRl0rP4n6a4HKyEE0,Learning Nessus for Penetration Testing.jpg
88,Learning Network Forensics.pdf,https://mega.nz/file/I7plTYCJ#dZyi0_M9aLj2NA6JVFna6DnLEtrXaHet0u3pUVCQaXc,Learning Network Forensics.jpg
89,Learning Pentesting for Android Devices.pdf,https://mega.nz/file/Y3plnQwQ#D4Mxnoe7_d9S1QyswsBogHRkrX_MciIQ3nwF8Acs9Ts,Learning Pentesting for Android Devices.jpg
90,Learning Python Network Programming.pdf,https://mega.nz/file/duhjyAhA#FjGDNCDdzQoaBPHLJzm-vhoo3s2Xwq_kvHK4nC8sc9A,Learning Python Network Programming.jpg
91,Learning Web-based Virtual Reality.pdf,https://mega.nz/file/wz513aZC#HwZG9xqUokkQeO-40Czc6kOzlS4oWYgdWc7xPeth8DE,Learning Web-based Virtual Reality.jpg
92,Managing Risk and Information Security.pdf,https://mega.nz/file/Vz53WIrR#IcOAaszSb3ETHYK8U0FBiE0ZHoWIdAHXS4vLbXYFywk,Managing Risk and Information Security.jpg
93,Mastering Metasploit.pdf,https://mega.nz/file/924lUSLa#pGZun2pbl8rDuAy4mwQtyCxNntHBRputWFQ77J6J4p8,Mastering Metasploit.jpg
94,Mastering Mobile Forensics.pdf,https://mega.nz/file/M2532CoZ#WD7s7rTJ691JM-hRWpnMITxn01_z_Rlq_0zbo5sZJko,Mastering Mobile Forensics.jpg
95,Mastering Python Forensics.pdf,https://mega.nz/file/R6ollaYQ#1yoqSjrZ37IQTvuSydIui_k00AXYU4_KDzagUTow13Q,Mastering Python Forensics.jpg
96,"Metasploit Penetration Testing Cookbook, Second Edition.pdf",https://mega.nz/file/Bj5jHISZ#3n1q338RQvF0An9N9MAeSFuTYonEew4WJ-py1wHimU8,"Metasploit Penetration Testing Cookbook, Second Edition.jpg"
97,Metasploit Penetration Testing Cookbook.pdf,https://mega.nz/file/Zv4hVYZY#oeQoL8D2kj0HjC5eqXGzsWtQdqtSgQ3FFWsyl4iq56A,Metasploit Penetration Testing Cookbook.jpg
98,Microsoft Dynamics AX 2012 R3 Security.pdf,https://mega.nz/file/kihDFQbD#6qofiEG4Dobd7WEu230gXG-D8zboOEpK-3mWJlD26Mc,Microsoft Dynamics AX 2012 R3 Security.jpg
99,Network Attacks and Defenses- A Hands-on Approach.pdf,https://mega.nz/file/onoTiQLB#bXzxY1UqO6CN8FCWinepIaU7q1C3yqTz9hcjw4PSJb4,Network Attacks and Defenses- A Hands-on Approach.jpg
100,Network Forensics.pdf,https://mega.nz/file/RvhRTAyL#CSqKdtRuHLljkMFVgEXGCZPJBUz5Os9sNTsge3J1PMs,Network Forensics.jpg
101,"Network Security Assessment, 2nd Edition.pdf",https://mega.nz/file/Z6oXWCrb#cM8SCFs52o_4N2Hb5BVVrf5g1q7Sq5ddqKW7x8JVN88,"Network Security Assessment, 2nd Edition.jpg"
102,"Network Security Assessment, 3rd edition.pdf",https://mega.nz/file/ZjwDUAgT#ETWbYE46wXi7mACyQ3GLhD-P8ZF2nDUqrrVMZ9Pxo04,"Network Security Assessment, 3rd edition.jpg"
103,Network Security Bible.pdf,https://mega.nz/file/82pByKYL#TA0OcniZJ4uFMG6Zr7w2UaEKWjI6yKJy0YN7qmFpLIk,Network Security Bible.jpg
104,"Network Security Hacks, 2nd Edition.pdf",https://mega.nz/file/Jq51RahK#j1jtmqwTE0hgywj-40zKlMLCdkbXx7zm1KmfHCZKMA8,"Network Security Hacks, 2nd Edition.jpg"
105,Network Security with OpenSSL.pdf,https://mega.nz/file/1v4VjIja#nRw976KZ22yI2_EyxOssJ3IkkqXF52h8Pf13AOdOdV4,Network Security with OpenSSL.jpg
106,"Official (ISC)2 Guide to the CISSP-ISSMP CBK, Second Edition.pdf",https://mega.nz/file/gzwjnACR#z5YXRIwzt7cxZHEQPshhDu8tdC1Yrcix57v_xo5UeWc,"Official (ISC)2 Guide to the CISSP-ISSMP CBK, Second Edition.jpg"
107,"Official (ISC)2 Guide to the CSSLP CBK, Second Edition.pdf",https://mega.nz/file/om4zUIwa#8GHKmtXoT5o_4vz3L3XNvWLJo1npiFEfU4ngjpUvUI8,"Official (ISC)2 Guide to the CSSLP CBK, Second Edition.jpg"
108,Penetration Testing with BackBox.pdf,https://mega.nz/file/k2gBjCAK#7TP6GLsip9LD6obFRdpz46eIZXjLku-nNRvSk7ild9E,Penetration Testing with BackBox.jpg
109,Penetration Testing with the Bash shell.pdf,https://mega.nz/file/B74xUIST#lE0v5H8BijRyYLTO_SqNmaRVTQsEbiTBWaXs4Kw2lYg,Penetration Testing with the Bash shell.jpg
110,Penetration Testing.pdf,https://mega.nz/file/Au5XQK5K#LyK7fzvls_SiX8kaktoA2BLs1XfFySg5F77Wjt8E3c8,Penetration Testing.jpg
111,Personal Cybersecurity.pdf,https://mega.nz/file/sr4zjSKS#3L1t5rzR7SoERDs1b60Wn3BNAx4OOFQVGcZi_3dTQaY,Personal Cybersecurity.jpg
112,PGP - GPG.pdf,https://mega.nz/file/96hHESKL#MtYh-o9o8sxfuI-zMJJKYBWNnHzzGh4U_wv82dLzafQ,PGP - GPG.jpg
113,Practical Digital Forensics.pdf,https://mega.nz/file/xnoxXIaL#Pg4tTBeRPLpKujYvwYCdh4e58OQnOUqNM-fTLoY4zbY,Practical Digital Forensics.jpg
114,Practical Intrusion Analysis.pdf,https://mega.nz/file/UzxTEQhT#TiVHBcW6nYtsn21D3mMIXbwuYZMC12QRRs36xCDIfMU,Practical Intrusion Analysis.jpg
115,Practical Malware Analysis.pdf,https://mega.nz/file/JioFiQoB#qra6Lc7EvRmH0yvuEkC9pUzfwn9bBuBZoFx2MPm12c8,Practical Malware Analysis.jpg
116,"Practical Reverse Engineering - x86, x64, ARM, Windows Kernel, Reversing Tools, and Obfuscation.pdf",https://mega.nz/file/1rwnWAqb#u3BTe8-s57g9cRnyvcQn4h5WC89MILOYgiJLO_z402I,"Practical Reverse Engineering - x86, x64, ARM, Windows Kernel, Reversing Tools, and Obfuscation.jpg"
117,Practical Reverse Engineering.pdf,https://mega.nz/file/0zh3zaBZ#9RGfY9EvvgdP6udZstMN7miM5wexfdLvSQkESbHLxW8,Practical Reverse Engineering.jpg
118,Protect Your Privacy.pdf,https://mega.nz/file/JypjBSBS#ZTIksZAXXcA4ien8n16JKTROzv1qg9yBhZVE01qaBsA,Protect Your Privacy.jpg
119,Protecting Your Mobile App IP The Mini Missing Manual.pdf,https://mega.nz/file/c6xFDSxI#V4OHwsaHXZtRsYpC5NYzIas1j806txP1FH2P4iZNRgE,Protecting Your Mobile App IP The Mini Missing Manual.jpg
120,Python Hacking Essentials.pdf,https://mega.nz/file/V7xFiKRJ#yCtDczfx6nnM0qSkhR65tl1YV1E6YQNZCdu4oRBsw5g,Python Hacking Essentials.jpg
121,Reverse Engineering Code with IDA Pro(1).pdf,https://mega.nz/file/dvg1xQyY#wJNhSOr_mJeQ0VN7LQILcgu50_GJO3YvhStt_EjS2Rs,Reverse Engineering Code with IDA Pro(1).jpg
122,Reverse Engineering Code with IDA Pro.pdf,https://mega.nz/file/pjhXmSrI#wJNhSOr_mJeQ0VN7LQILcgu50_GJO3YvhStt_EjS2Rs,Reverse Engineering Code with IDA Pro.jpg
123,Reverse Engineering for Beginners.pdf,https://mega.nz/file/B6oXEYhI#oLmBVPggRrTxdCyCA5ZirdYAK4GrlS5EppLD1ICSrtk,Reverse Engineering for Beginners.jpg
124,Rootkits For Dummies.pdf,https://mega.nz/file/J653SQAT#g2Dc5l9M5Chc-BprGVN50Sk745TsgXIyqTHhKVqroaE,Rootkits For Dummies.jpg
125,RTFM - Red Team Field Manual.pdf,https://mega.nz/file/1ioTXaKR#uqxp2ZOlMCSx3pDx3h2UNJ6_QPauaCrxcIOhtNnG9PQ,RTFM - Red Team Field Manual.jpg
126,Securing Ajax Applications.pdf,https://mega.nz/file/xqo3DK7a#MOKJ_a9NUgwM0d0FOuxrx8FAyVMGkPBM4lBbyRBGtHU,Securing Ajax Applications.jpg
127,Securing VoIP Networks.pdf,https://mega.nz/file/s7oBzCAZ#3xv1VC5IDBNNOOVK9p80B2w41jZtn_m_fgRtLRNwR4Q,Securing VoIP Networks.jpg
128,Security and Privacy for Mobile Healthcare Networks.pdf,https://mega.nz/file/5nhHBIpL#QBOj47ZTRUPgnA4wiHYwEaCxEDvy-W5sd3qEenL1qvE,Security and Privacy for Mobile Healthcare Networks.jpg
129,Security and Privacy in Internet of Things (IoTs).pdf,https://mega.nz/file/l3pTAQoT#qPCvxvTKYgUs5vtaHDwKkRoSIq_NBL314EluVPKl5Ls,Security and Privacy in Internet of Things (IoTs).jpg
130,Security and the Networked Society.pdf,https://mega.nz/file/V3hFlKJL#bNy96u7YEKEn8yBQ28Dmh53JdN-EoOHfsrdW1bZzu3Y,Security and the Networked Society.jpg
131,Security Intelligence.pdf,https://mega.nz/file/Y65hmYJY#YEZTO9zF29yd755U5CXmMxkOwzyzmzdpztMikljhndc,Security Intelligence.jpg
132,Security Metrics.pdf,https://mega.nz/file/Qr4zlYxY#EYpJ2SmV452eWYS7_UUiwtnRoY1ATfwzFU9_vX3hsiA,Security Metrics.jpg
133,Security Monitoring.pdf,https://mega.nz/file/tigTXSZJ#chOLo46MfMnChNCcmAkiY4DRCqz8pOMxaLMUnrNRVU0,Security Monitoring.jpg
134,Security Planning- An Applied Approach.pdf,https://mega.nz/file/c65HDCSJ#jgBfirLFhXlVRxTGzww97-fvZ8chgIYVQHqcwpTPmcA,Security Planning- An Applied Approach.jpg
135,Security Power Tools.pdf,https://mega.nz/file/Y35hECjZ#MO0bZ2qH3tGvdM2_F_diDjaj249dHnkokJ1eQ0Xxy2s,Security Power Tools.jpg
136,Spring Security 3.pdf,https://mega.nz/file/kjxB2Q4R#dTwxXEzJkGtlBoDiMkob1TqGFPiG8s6weK5UvnanKvk,Spring Security 3.jpg
137,SSCP (ISC)2 Systems Security Certified Practitioner Official Study Guide.pdf,https://mega.nz/file/EvhBzIaK#tJNDu-rcYn80QHJ2aTwrpeOUHNigEWPAYY0nxAeQqD8,SSCP (ISC)2 Systems Security Certified Practitioner Official Study Guide.jpg
138,"SSCP Systems Security Certified Practitioner All-in-One Exam Guide, 2nd Edition.pdf",https://mega.nz/file/YmhDBIxb#JvKnxpkKUu58PXj8IFKpqqySyw63UfH-x5PCqRxmio4,"SSCP Systems Security Certified Practitioner All-in-One Exam Guide, 2nd Edition.jpg"
139,Testing and Securing Android Studio Applications.pdf,https://mega.nz/file/JzoR0Q5I#-_wWP04YXJBdOfu4GBBCWJmK8Af_yxW7avVXnWGjoPA,Testing and Securing Android Studio Applications.jpg
140,The Antivirus Hacker-s Handbook.pdf,https://mega.nz/file/174FRCZA#C55YhZuAS3TdhoTlNCf1PaweusYFA9DCczT-E7nl9ts,The Antivirus Hacker-s Handbook.jpg
141,The Architecture of Privacy.pdf,https://mega.nz/file/8qgDCABL#VH_KFD_YcZnZLkxLML5XK3ABPXfKCZQd2bg97xkY3sQ,The Architecture of Privacy.jpg
142,"The Art of Memory Forensics - Detecting Malware and Threats in Windows, Linux, and Mac Memory, 1st Edition.pdf",https://mega.nz/file/ImhViCYS#xCYl-_yVrpKk-RcgrCMCyjHxT9DPzOh4p2ibU0YsekI,"The Art of Memory Forensics - Detecting Malware and Threats in Windows, Linux, and Mac Memory, 1st Edition.jpg"
143,The Art of Memory Forensics.pdf,https://mega.nz/file/9mo3AarD#M825KKTm58kpjSGijrJl-qldVs3pmosYyw3DwF3Qirw,The Art of Memory Forensics.jpg
144,The Browser Hacker-s Handbook.pdf,https://mega.nz/file/lj5DDIbK#J8Q41zY30BtyAMDnCnsvFQk8FoxTYygV2-jrDsTeums,The Browser Hacker-s Handbook.jpg
145,The Fundamentals of Network Security.pdf,https://mega.nz/file/gyoTlapK#-iidNEM1Bv43SAuIoZxsW_Kret8nJQODwRNFoyNTQLM,The Fundamentals of Network Security.jpg
146,The hacker playbook 2.pdf,https://mega.nz/file/pi5liaIC#laDWB0ZMGUy83lrMarygQZLVrF6DfdFGrUpVIg9MjF4,The hacker playbook 2.jpg
147,the hacker playbook 3.pdf,https://mega.nz/file/Ynxz0AYb#IMKiDBO46Ox0Mc0dkQkKxmzSQgRryniXeRwy9udn0Bs,the hacker playbook 3.jpg
148,The hacker playbook1.pdf,https://mega.nz/file/JzhXmQQD#iynE-6VYz66fSOTSXVTeLXeqaz86Zj___rekrVAoLdI,The hacker playbook1.jpg
149,The IDA Pro Book.pdf,https://mega.nz/file/RmoTHQiL#s5_q4V5O9wqPO_PVZ36gn9WHtvYi0y2dMtcnngG9ko8,The IDA Pro Book.jpg
150,The InfoSec Handbook.pdf,https://mega.nz/file/5iw1gSrb#QTrbCMX1jEl7OHdHDxRqTCRcxhf-gu6L429JTpI_vSU,The InfoSec Handbook.jpg
151,The Manager-s Guide to Web Application Security.pdf,https://mega.nz/file/BrpVwCZR#6X--39cvmNf75GIc51qi2unG54dD4yiwdPC99C6UsH8,The Manager-s Guide to Web Application Security.jpg
152,The Myths of Security.pdf,https://mega.nz/file/R74lwIiQ#-ysk-SjvnvJQAS1rnBjawV-HAckz-CvdEG_bpcajfFQ,The Myths of Security.jpg
153,The Shellcoders_s Handbook - Discovering and Exploiting Security Holes.pdf,https://mega.nz/file/Eyg1BCjK#SMMoK8YQ66okexSMoGMeV1pPEdg3tS7ju0hMs6ChSzI,The Shellcoders_s Handbook - Discovering and Exploiting Security Holes.jpg
154,thecarhackershandbook.pdf,https://mega.nz/file/1vwRDQrZ#tlybyzGbvWuWXne2kaneFrKFZykaRG6pJhBXQPI1asQ,thecarhackershandbook.jpg
155,Threat Modeling.pdf,https://mega.nz/file/kyxHzKIQ#NX1XEFnHuW4KN1PEzRo3a1cdnCCkjd_3NX0BFd4yT0I,Threat Modeling.jpg
156,Transnational Security.pdf,https://mega.nz/file/VmxTwYyI#GT_8ooeM51Uf2bLItp5yhqaDCZBZ4KvEVHhOqmkkvtE,Transnational Security.jpg
157,"Violent Python - A Cookbook for Hackers, Forensic Analysts, Penetration Testers and Security Engineers.pdf",https://mega.nz/file/Zv5jwCDD#Z_HHK0usnSazdS8H8W9OIaEViY01a5YQ4ogEcocoe1A,"Violent Python - A Cookbook for Hackers, Forensic Analysts, Penetration Testers and Security Engineers.jpg"
158,Visual Cryptography and Secret Image Sharing.pdf,https://mega.nz/file/FmphAarY#Hy-zBfD0eYvE1Z_harYJg5Dg8t7qKTXFK2ciyM7udfg,Visual Cryptography and Secret Image Sharing.jpg
159,web hacker-101.pdf,https://mega.nz/file/x2oRCISA#13WVL2MA48_N7eV1m4hS0aQHLfEYcNK1_crho-WXyLA,web hacker-101.jpg
160,Web Penetration Testing with Kali Linux.pdf,https://mega.nz/file/EuoH0AxJ#MQP0dMm5b0wqLtn7mvetKtZTpHTMUEpzH3wnKUe06qA,Web Penetration Testing with Kali Linux.jpg
161,Web Security Testing Cookbook.pdf,https://mega.nz/file/N24RDY6L#xao6qzWzrcLVmUERMr0T1ms-O6xL2eBsvb1pxmjkSI8,Web Security Testing Cookbook.jpg
162,What Is Computer Science.pdf,https://mega.nz/file/92wjDIrQ#pCSuHRLYgmfoXPuH9JDKQ7VMTqoDMclE0uw1-qN5w2g,What Is Computer Science.jpg
163,Windows Malware Analysis Essentials.pdf,https://mega.nz/file/AzxVkQKC#beT2R4tSGThrFRQZJ6QcEoyCduLoIw5gEQFmN3hhZk0,Windows Malware Analysis Essentials.jpg
164,"Wireshark Network Analysis- The Official Wireshark Certified Network Analyst Study Guide, 2nd Edition.pdf",https://mega.nz/file/0ig1EYZI#jLodi-7tj2M8B-fegJv6epQv1_PRZNrjut_JIS2jKMY,"Wireshark Network Analysis- The Official Wireshark Certified Network Analyst Study Guide, 2nd Edition.jpg"
